track_id,true_genre,vae_kmeans_cluster,pca_kmeans_cluster
2,Hip-Hop,7,1
5,Hip-Hop,5,7
141,Folk,6,5
190,Folk,7,6
194,Folk,7,6
197,Folk,3,2
200,Folk,7,6
204,Folk,7,7
207,Folk,3,2
210,Folk,7,6
211,Folk,7,6
212,Folk,6,7
213,Pop,6,0
256,Metal,4,4
368,Post-Punk,2,5
540,Folk,3,0
546,Folk,3,0
602,Folk,3,2
621,Folk,7,6
625,Folk,7,6
676,Hip-Hop,2,5
694,Hip-Hop,2,1
695,Hip-Hop,5,7
705,Latin America,5,3
708,Latin America,2,3
709,Latin America,2,1
718,Folk,7,1
777,Rock,5,3
814,Folk,3,0
821,Pop,5,2
993,Rock,2,7
998,Noise,6,6
1066,Audio Collage,0,0
1193,Folk,6,5
1195,Folk,3,0
1196,Folk,6,7
1197,Folk,0,0
1276,Audio Collage,6,0
1427,Rock,6,6
1510,Noise,7,7
1642,Pop,2,7
1644,Pop,2,7
1661,Pop,4,4
1663,Pop,4,4
1666,Pop,4,1
1688,International,7,7
1689,International,7,7
1702,Folk,0,6
1704,Folk,7,7
1706,Rock,4,4
1883,Rock,4,4
1893,Folk,6,0
1925,Folk,6,5
3271,Folk,3,2
3272,Folk,1,0
3492,Rock,6,7
3532,Experimental Pop,7,7
3533,Experimental Pop,1,1
3534,Experimental Pop,3,2
3535,Experimental Pop,7,0
3537,Experimental Pop,1,5
3538,Experimental Pop,7,5
3598,Folk,3,5
3624,Rock,4,7
3707,Folk,4,1
3708,Folk,6,7
3761,Rock,0,0
3762,Rock,5,5
3775,Latin America,6,6
3776,Latin America,1,7
3832,Folk,1,2
3895,Balkan,2,1
3896,Balkan,6,7
3904,Folk,3,0
3905,Folk,6,0
3906,Folk,6,7
3909,Folk,6,0
3912,Folk,3,5
3921,Folk,0,0
3950,Rock,6,6
4017,Folk,7,3
4022,Hardcore,4,4
4037,Singer-Songwriter,3,2
4068,Psych-Folk,3,2
4070,Latin America,2,7
4071,Latin America,2,7
4074,Latin America,2,7
4075,Latin America,2,7
4077,Latin America,2,1
4078,Latin America,2,7
4080,Latin America,6,7
4091,Polka,6,7
4096,Polka,6,6
4097,Polka,6,6
4100,Polka,4,1
4103,Polka,6,6
4235,African,7,6
4236,African,7,5
4507,French,3,2
4508,French,3,2
4510,French,3,5
4519,Electronic,6,7
4521,Electronic,6,7
4682,Hip-Hop,4,4
4685,Hip-Hop,4,4
4777,Rock,4,1
4779,Rock,4,1
4780,Rock,4,1
4782,Rock,1,1
4784,Rock,4,4
4785,Rock,4,1
4787,Rock,1,6
4788,Rock,4,6
4835,Rock,1,1
4838,Rock,6,6
4848,Middle East,5,2
5006,Punk,4,4
5170,Folk,3,5
5191,Pop,4,4
5264,Hip-Hop,4,4
5268,Hip-Hop,5,3
5521,Sound Collage,5,3
5879,Freak-Folk,6,6
5936,Singer-Songwriter,3,2
5940,Singer-Songwriter,3,5
6333,International,4,1
6363,International,4,1
6385,International,4,1
6389,International,7,6
6406,Psych-Folk,0,0
6439,Hip-Hop,0,6
6440,Hip-Hop,5,7
6442,Hip-Hop,5,7
6448,Hip-Hop,0,6
6461,Folk,1,0
6463,Folk,6,7
6467,Folk,3,5
6469,International,0,6
6517,Rock,5,7
6519,Rock,3,5
6603,Hip-Hop,4,1
6605,Hip-Hop,4,4
6606,Hip-Hop,4,4
6607,Hip-Hop,2,1
6608,Hip-Hop,4,4
6609,Hip-Hop,4,1
6610,Hip-Hop,4,4
6611,Hip-Hop,4,4
6674,Noise,6,6
6779,Folk,3,5
6782,Folk,3,5
6783,Folk,0,0
6854,Folk,3,5
6855,Folk,3,2
6856,Folk,3,5
6857,Psych-Folk,3,0
7376,Audio Collage,5,7
7378,Audio Collage,5,3
7381,Audio Collage,3,2
7481,Hip-Hop,4,4
7482,Hip-Hop,4,6
7483,Hip-Hop,6,7
7487,Hip-Hop,3,5
7488,Hip-Hop,6,6
7489,Hip-Hop,5,3
7490,Hip-Hop,5,3
7491,Hip-Hop,2,1
7492,Hip-Hop,4,1
7526,Pop,4,4
7527,Pop,1,3
7528,Pop,1,1
7709,Folk,0,0
7710,Folk,3,5
7711,Folk,0,0
7712,Folk,3,2
7713,Folk,3,2
7872,Punk,2,7
8056,Garage,4,4
8256,Folk,7,3
8259,Folk,2,5
8261,Folk,3,0
8345,Audio Collage,0,2
8357,Avant-Garde,0,0
8363,Avant-Garde,0,4
8372,Audio Collage,7,3
9491,Electro-Punk,1,1
9513,Krautrock,6,7
9559,Rock,4,1
9560,Rock,6,6
9678,Experimental,6,6
9887,Folk,0,0
9962,Electro-Punk,5,7
10186,Reggae - Dub,1,7
10192,Alternative Hip-Hop,5,1
10384,Folk,6,6
10386,Folk,6,4
10387,Folk,0,0
10388,Folk,6,0
10389,Folk,7,6
10440,Folk,0,0
10441,Folk,6,6
10443,Folk,6,6
10444,Folk,7,4
10458,Folk,0,0
10485,Folk,4,4
10521,Unclassifiable,2,3
10527,Unclassifiable,5,2
10535,Unclassifiable,2,3
10541,Unclassifiable,1,2
10575,Psych-Folk,2,7
10577,Psych-Folk,2,3
10674,Industrial,0,0
10677,Industrial,6,6
10678,Folk,0,4
10682,Folk,6,6
10684,Folk,0,6
10805,Pop,1,4
10807,Pop,4,4
10809,Pop,2,1
10992,Folk,4,4
10993,Folk,6,4
11019,Audio Collage,3,5
11059,Folk,6,6
11198,Pop,4,4
11199,Pop,7,1
11200,Pop,2,7
11204,Hip-Hop,6,7
11261,Experimental Pop,7,6
11264,New Wave,5,7
11268,Post-Punk,5,3
11298,Hip-Hop,2,7
11299,Hip-Hop,2,3
11504,Folk,6,6
11505,Folk,6,7
11638,Compilation,2,1
11671,Latin America,6,7
11672,Latin America,1,3
11673,Latin America,4,4
11674,Latin America,3,5
11677,Latin America,6,6
11681,Latin America,6,6
11682,Latin America,3,2
11763,Hip-Hop,5,3
11767,Hip-Hop,2,1
11772,Hip-Hop,2,1
11773,Hip-Hop,5,7
11775,Hip-Hop,2,1
11782,Hip-Hop,1,7
11792,Hip-Hop,5,7
11803,Hip-Hop,2,1
11839,Hip-Hop,2,7
11861,Hip-Hop,2,7
11862,Hip-Hop,6,7
11867,Hip-Hop,2,7
11868,Hip-Hop,2,1
11916,Hip-Hop,5,7
11917,Hip-Hop,1,3
11918,Hip-Hop,5,3
11919,Hip-Hop,5,3
11922,Hip-Hop,2,1
11933,Rock,5,7
11937,Pop,2,1
11947,Holiday,5,2
11951,Holiday,2,7
12045,Folk,0,6
12047,Folk,7,0
12048,Folk,6,0
12050,Folk,6,6
12051,Folk,7,0
12053,Folk,0,0
12059,Folk,6,7
12060,Folk,6,6
12062,Folk,6,6
12064,Folk,6,6
12065,Folk,6,6
12066,Folk,3,0
12067,Folk,0,0
12109,International,7,3
12146,Pop,4,1
12147,Pop,5,3
12173,Hip-Hop,5,3
12179,Pop,3,5
12189,Trip-Hop,4,1
12350,Psych-Folk,6,6
12351,Psych-Folk,6,6
12352,Psych-Folk,6,6
12353,Psych-Folk,4,4
12355,Psych-Folk,0,0
12376,Pop,2,1
12387,Pop,6,7
12390,Pop,5,3
12484,Folk,6,6
12486,Folk,0,0
12487,Folk,6,6
12490,Folk,0,6
12518,Pop,5,7
12521,Rock,2,1
12527,Pop,6,6
12531,Hip-Hop,2,7
12532,Pop,6,1
12537,Pop,5,5
12551,Pop,0,6
12552,Experimental Pop,6,6
12985,Folk,6,7
12986,Folk,3,5
13201,Hip-Hop,2,7
13220,Pop,5,3
13325,Rock,4,4
13328,Pop,1,1
13362,Pop,5,5
13378,Pop,2,1
13556,Rock,2,4
13562,Trip-Hop,1,7
13591,Hip-Hop,4,4
13668,Electronic,5,5
13670,Hip-Hop,4,1
13708,Chip Music,5,7
13735,Hip-Hop,2,7
13747,Hip-Hop,2,1
13748,Hip-Hop,2,7
13749,Hip-Hop,2,7
13767,Hip-Hop,5,7
13768,Hip-Hop,2,1
13804,Alternative Hip-Hop,1,5
13927,Folk,2,7
13929,Folk,1,7
13930,Folk,5,7
14208,Chip Music,2,1
14315,Balkan,7,3
14316,Balkan,7,3
14391,Hip-Hop,5,3
14538,Hip-Hop,2,7
14539,Hip-Hop,1,6
14541,Hip-Hop,6,7
14542,Hip-Hop,6,7
14590,Soundtrack,4,4
14653,Indie-Rock,2,7
14661,Folk,4,6
14663,Synth Pop,5,5
14684,Folk,4,1
14693,Folk,4,4
14734,Rock,6,1
14735,Rock,6,5
14736,Rock,6,7
14738,Rock,6,6
14739,Rock,6,7
14740,Rock,6,1
14741,Rock,6,7
14742,Rock,6,5
14743,Rock,6,5
14744,Rock,6,6
14809,Singer-Songwriter,3,2
15210,Hip-Hop,5,3
15540,Audio Collage,1,0
15880,Asia-Far East,7,2
16095,Experimental Pop,5,1
16155,Pop,6,7
16158,Pop,3,5
16163,Pop,2,7
16337,Pop,6,7
16339,Pop,0,0
16340,Pop,6,5
16354,Rock,6,7
16743,Afrobeat,0,6
16744,Afrobeat,0,0
16747,Afrobeat,7,6
16878,Hip-Hop,4,1
16895,Pop,6,6
17132,Folk,6,1
17345,Experimental Pop,3,2
17462,Rock,3,2
17491,Hip-Hop,4,1
17500,Hip-Hop,6,7
17609,Asia-Far East,7,3
17610,Asia-Far East,6,5
17637,International,1,6
17782,Hip-Hop,5,7
17906,Synth Pop,5,1
18032,Latin America,6,6
18033,Latin America,1,6
18034,Latin America,6,7
18144,Experimental Pop,2,3
18145,Experimental Pop,5,5
18159,Psych-Folk,7,7
18876,Experimental,6,5
18877,Experimental,0,0
18887,Krautrock,6,6
19073,Pop,3,5
19074,Pop,6,7
19179,Rock Opera,3,5
19187,Rock Opera,6,7
19425,Pop,5,7
19439,Hip-Hop,2,1
19442,Pop,1,1
19758,Pop,6,1
19759,Pop,1,1
19889,Reggae - Dub,2,1
19890,Reggae - Dub,2,7
20050,Rock,2,5
20361,Soundtrack,4,4
20432,Brazilian,2,7
20667,Chiptune,2,7
20704,Experimental Pop,6,7
21085,Chip Music,5,7
21087,Folk,0,6
21228,Hip-Hop,6,7
21231,Pop,6,7
21232,Pop,2,1
21400,Experimental Pop,4,4
21401,Experimental Pop,5,7
21402,Experimental Pop,3,5
21409,Experimental Pop,2,7
21422,Electronic,2,1
21672,Synth Pop,2,1
21676,Synth Pop,2,1
21707,Singer-Songwriter,7,7
21774,Experimental,2,3
21860,Indie-Rock,6,6
21996,Experimental Pop,5,3
22088,Hip-Hop,2,3
22091,Hip-Hop,5,7
22093,Rock,4,4
22094,Hip-Hop,5,3
22296,Hip-Hop,5,3
22348,Pop,1,4
22472,Experimental Pop,6,6
22474,Experimental Pop,0,0
22477,Experimental Pop,0,6
22478,Experimental Pop,0,6
22479,Experimental Pop,7,0
22480,Experimental Pop,6,6
22481,Experimental Pop,0,0
23014,Folk,6,7
23015,Folk,6,7
23039,Pop,2,7
23041,Rock,4,4
23329,Noise,7,3
23371,Folk,6,7
23862,Chiptune,6,7
24362,Latin America,1,6
24365,Latin America,6,7
24366,Latin America,6,7
24370,Latin America,6,6
24371,Latin America,6,6
24430,Hip-Hop,5,6
24524,Electroacoustic,6,7
24698,Balkan,2,1
24720,Balkan,0,6
24747,Europe,2,1
24899,Field Recordings,6,6
24912,Field Recordings,5,0
24915,Field Recordings,0,6
24963,Sound Collage,4,4
24975,Sound Collage,4,4
24983,Sound Collage,6,6
25031,Europe,7,7
25033,Europe,7,7
25055,Experimental Pop,6,0
25104,Experimental Pop,4,4
25124,Experimental Pop,4,4
25608,Reggae - Dub,2,3
25668,Reggae - Dub,7,7
25669,Reggae - Dub,7,1
25795,Reggae - Dub,5,7
25802,Reggae - Dub,5,5
26007,Hip-Hop,5,5
26008,Hip-Hop,5,2
26010,Hip-Hop,5,3
26013,Hip-Hop,5,2
26016,Hip-Hop,2,3
26022,Hip-Hop,5,3
26034,Hip-Hop,2,7
26035,Hip-Hop,5,5
26036,Hip-Hop,5,3
26169,Pop,5,3
26174,Pop,4,7
26298,Experimental Pop,6,7
26302,Singer-Songwriter,3,2
26307,Experimental,5,5
26322,Experimental,6,7
26464,Psych-Folk,5,1
26639,Psych-Rock,4,6
26765,Experimental Pop,3,2
26905,Chip Music,7,3
27164,Experimental Pop,6,5
27258,Folk,6,0
27455,Experimental,0,6
27547,Pop,7,5
27548,Pop,3,5
27549,Pop,0,6
27550,Pop,6,6
27551,Pop,0,0
27552,Pop,7,5
27609,International,2,7
27612,International,2,7
27667,Techno,3,2
27799,Hip-Hop,5,3
27804,Singer-Songwriter,6,7
27805,Pop,6,6
27855,Folk,6,5
27945,Avant-Garde,7,7
27978,Asia-Far East,0,0
27987,Asia-Far East,0,0
28070,Garage,4,4
28072,Garage,4,4
28260,Lo-Fi,4,4
28376,Experimental,4,4
28478,Pop,5,7
28546,Electronic,6,7
28608,Pop,6,6
28692,Electro-Punk,6,6
28802,Pop,4,1
29042,Trip-Hop,5,2
29043,Trip-Hop,3,2
29044,Trip-Hop,5,3
29045,Experimental Pop,5,3
29128,Experimental Pop,1,1
29180,Experimental Pop,3,5
29245,Experimental Pop,1,7
29255,Experimental Pop,0,6
29271,Pop,2,1
29480,Psych-Folk,4,6
29587,Hip-Hop,2,7
29738,Novelty,6,1
29739,Novelty,6,6
29740,Novelty,4,4
29746,Novelty,5,3
29750,Novelty,5,3
29807,No Wave,4,4
29813,No Wave,4,4
29816,Electronic,1,1
29971,Singer-Songwriter,3,5
30050,Hip-Hop,2,7
30059,Hip-Hop,5,3
30198,Noise,4,4
30230,Hip-Hop,2,3
30316,Experimental,5,2
30486,Pop,6,7
30487,Pop,2,1
30488,Pop,6,7
31165,Reggae - Dub,5,7
31389,British Folk,3,2
31390,British Folk,3,5
31391,British Folk,3,2
31392,British Folk,3,5
31807,Singer-Songwriter,3,2
31889,French,7,3
32001,Indie-Rock,6,6
32021,Rock,4,4
32075,Rock,4,4
32081,Rock,2,7
32325,Pop,7,6
32327,Pop,4,1
32328,Pop,7,4
32329,Pop,6,6
32330,Pop,0,0
32332,Pop,0,0
32333,Pop,7,7
32334,Pop,0,6
32336,Pop,7,3
32337,Pop,6,6
32338,Pop,5,5
32339,Pop,6,7
32340,Pop,0,6
32694,Breakbeat,6,4
32695,Breakbeat,6,7
32755,Hip-Hop,5,1
32756,Folk,2,5
32760,Pop,2,7
32882,Hip-Hop,2,1
33020,Lo-Fi,1,4
33049,Folk,3,2
33050,Folk,3,5
33064,Electronic,5,3
33067,International,2,1
33070,International,6,6
33216,Electronic,7,5
33415,Latin America,7,1
33424,Latin America,4,6
33460,Indie-Rock,1,5
33461,Indie-Rock,4,4
33465,Indie-Rock,5,5
33992,Power-Pop,4,4
34257,Minimalism,0,0
34994,Avant-Garde,0,6
35182,Pop,3,5
35198,Avant-Garde,7,6
35443,Singer-Songwriter,5,2
35444,Improv,0,0
35527,Rock,5,7
35535,Rock,4,4
35541,Rock,6,1
35543,Rock,1,1
35545,Pop,2,1
35549,Pop,0,7
35550,Pop,3,5
35608,Pop,7,3
35734,Psych-Folk,5,5
36096,Electronic,7,3
36304,Hip-Hop,6,7
36322,Folk,6,5
36371,Pop,6,7
36388,Pop,2,3
36481,Indie-Rock,2,1
36526,Indie-Rock,4,1
36560,Experimental Pop,6,0
36614,Pop,6,7
36615,Pop,1,3
36616,Pop,5,7
36618,Pop,6,6
36643,Pop,3,5
36961,Pop,1,2
36985,Hip-Hop,5,5
37041,Noise,7,7
37136,Experimental Pop,4,6
37141,Soundtrack,3,5
37324,Experimental Pop,6,6
37368,Experimental Pop,6,6
37369,Experimental Pop,1,7
37416,Hip-Hop,5,7
37417,Hip-Hop,5,3
37423,Hip-Hop,2,1
38323,Polka,6,7
38362,Free-Folk,3,5
38435,Psych-Rock,2,1
38777,International,6,6
38782,International,6,6
38818,Celtic,7,6
38822,Celtic,7,6
38824,Celtic,7,7
38826,Celtic,7,7
38828,Celtic,6,6
38833,Celtic,7,7
38834,Celtic,3,5
38955,Pop,1,4
38966,Improv,7,7
39291,Electronic,3,5
39298,Rock,3,5
39359,Rock,4,4
39530,Pop,1,4
39658,Experimental Pop,6,1
39659,Experimental Pop,6,6
39660,Experimental Pop,7,7
39661,Experimental Pop,7,7
39662,Experimental Pop,1,6
39663,Experimental Pop,1,6
39664,Experimental Pop,2,7
39665,Experimental Pop,6,7
39666,Experimental Pop,1,7
39667,Experimental Pop,7,3
39875,Avant-Garde,0,6
39904,Avant-Garde,0,6
40122,Experimental,0,0
40134,Metal,6,6
40141,Indie-Rock,6,6
40229,Folk,0,6
40231,Folk,0,6
40233,Folk,6,4
40234,Folk,7,2
40236,Folk,0,0
40237,Folk,7,3
40239,Folk,6,6
40240,Folk,6,6
40241,Folk,0,6
40242,Folk,6,6
40244,Folk,0,6
40245,Folk,0,6
40598,Noise,1,4
40657,Soundtrack,0,0
40683,Electronic,5,3
40725,Electronic,1,6
40843,Electronic,4,1
40844,Electronic,5,7
40851,Electronic,5,7
40908,Avant-Garde,0,0
40938,Rock,4,4
40940,Rock,4,4
40984,Rock,3,5
40985,Indie-Rock,2,7
40986,Rock,4,4
41018,Reggae - Dub,2,3
41020,Reggae - Dub,5,3
41147,Electronic,4,4
41568,Pop,3,5
41570,Singer-Songwriter,6,0
41812,Rock,5,7
41961,Psych-Rock,0,6
41971,Soundtrack,6,6
42020,Reggae - Dub,7,3
42023,Reggae - Dub,7,3
42025,Reggae - Dub,7,7
42030,Reggae - Dub,7,3
42040,Hip-Hop,4,7
42048,Pop,4,4
42119,Novelty,0,0
42126,Novelty,0,0
42138,Sound Art,0,6
42139,Sound Art,7,3
42141,Sound Art,7,3
42235,International,3,5
42238,International,0,0
42243,International,6,6
42247,International,6,6
42463,Psych-Folk,2,3
42475,Psych-Rock,2,1
42648,Psych-Folk,1,7
42659,Psych-Folk,0,6
42761,Psych-Rock,6,6
42789,Psych-Rock,6,4
42844,Punk,1,1
42851,Punk,0,0
42911,Experimental Pop,4,4
42966,Noise,4,4
42984,Noise,4,4
43025,Asia-Far East,3,2
43027,Asia-Far East,3,2
43028,Asia-Far East,7,0
43029,Asia-Far East,3,2
43172,Indian,7,7
43519,Klezmer,6,6
43521,Klezmer,6,6
43587,Europe,3,0
43588,Europe,1,0
43592,Romany (Gypsy),6,6
43593,Romany (Gypsy),6,7
43595,Romany (Gypsy),6,7
43596,Romany (Gypsy),6,6
43598,Europe,6,6
43600,Europe,6,7
43623,Freak-Folk,2,1
43767,Balkan,4,6
43858,Hip-Hop,2,7
43859,Hip-Hop,6,5
43869,Hip-Hop,5,3
43899,Hip-Hop,0,0
44779,Kid-Friendly,4,4
44780,Kid-Friendly,6,1
44781,Kid-Friendly,2,3
44791,Kid-Friendly,2,4
44792,Kid-Friendly,6,7
44793,Kid-Friendly,3,2
44794,Kid-Friendly,6,7
44795,Kid-Friendly,0,6
44796,Kid-Friendly,2,3
44797,Kid-Friendly,2,1
44803,Kid-Friendly,7,3
44806,Pop,3,5
44809,Pop,3,5
44820,International,4,1
44917,Psych-Rock,4,4
44947,Salsa,6,7
44948,Salsa,7,7
44949,Salsa,1,7
44950,Salsa,5,7
44951,Salsa,2,1
44952,Salsa,4,4
45119,Experimental Pop,4,4
45122,Experimental Pop,5,7
45125,Experimental Pop,6,6
45127,Experimental Pop,2,7
45128,Experimental Pop,5,7
45150,Electronic,5,2
45151,Electronic,2,7
45387,Ambient,5,3
45391,Ambient,6,5
45516,Folk,2,7
46024,Rock,0,6
46043,Avant-Garde,2,1
46068,Avant-Garde,6,6
46078,Alternative Hip-Hop,5,7
46079,Experimental,2,1
46159,Electronic,6,6
46238,Novelty,0,6
46241,Novelty,7,4
46726,Hip-Hop,5,3
46732,Pop,6,0
46736,Pop,1,7
46839,Pop,4,1
46840,Pop,2,7
46841,Pop,1,1
46842,Pop,6,7
46844,Pop,5,7
46846,Pop,2,1
46854,Pop,2,1
46855,Pop,1,4
46928,Pop,3,0
46930,Pop,1,4
47032,Punk,5,5
47068,Electronic,5,3
47100,Experimental Pop,7,6
47194,Experimental,4,6
47196,Experimental,2,1
47506,Singer-Songwriter,2,5
47526,Garage,1,6
47628,Psych-Folk,7,3
47659,Techno,2,5
47661,Freak-Folk,6,7
47663,Freak-Folk,6,6
47666,Pop,6,6
47670,Experimental Pop,2,7
47707,Experimental,6,7
47826,Avant-Garde,0,0
47835,Experimental Pop,6,6
47865,Folk,6,6
47868,Folk,0,0
47894,Pop,5,7
47895,Pop,4,1
47896,Pop,5,7
47897,Pop,6,7
48015,Indie-Rock,6,7
48042,Unclassifiable,7,0
48046,Unclassifiable,0,0
48488,International,6,0
48491,International,0,6
48493,International,6,6
48494,International,0,6
48815,Folk,4,6
48864,Experimental,6,7
48931,Unclassifiable,1,0
48990,Rock,3,2
49029,Folk,3,5
49030,Folk,3,2
49039,Experimental Pop,4,4
49394,Experimental,0,0
49441,Post-Punk,4,1
49476,Hip-Hop,7,1
49477,Pop,2,1
49478,Hip-Hop,2,7
49479,Hip-Hop,5,3
49812,Punk,4,4
49817,Punk,4,4
49842,Folk,6,5
49843,Folk,3,5
49844,Folk,3,2
49846,Folk,6,5
49847,Folk,6,6
49849,Folk,3,5
49856,Folk,3,5
49857,Folk,5,7
50272,Synth Pop,6,7
50276,Folk,1,7
50283,Reggae - Dub,5,3
50444,Rock,4,1
50445,Rock,4,4
50448,Rock,4,1
50752,Metal,4,1
50754,Metal,1,1
51113,Avant-Garde,5,2
51203,Sound Collage,4,4
51260,Pop,2,5
51261,Pop,2,3
51265,Pop,5,7
51268,Pop,6,6
51271,Pop,6,6
51272,Pop,6,0
51275,Pop,5,3
51479,Noise,0,0
51655,Folk,6,7
51659,Folk,6,7
51661,Folk,6,7
51918,Folk,4,6
51919,Folk,4,1
51991,Reggae - Dub,5,3
51998,Reggae - Dub,5,5
52000,Reggae - Dub,5,3
52036,Experimental Pop,2,7
52039,Experimental Pop,1,7
52118,Latin America,1,7
52119,Latin America,2,1
52122,Latin America,3,5
52123,Latin America,6,1
52124,Latin America,5,5
52125,Latin America,2,7
52126,Latin America,6,7
52127,Latin America,2,7
52128,Latin America,7,7
52129,Latin America,6,7
52141,Experimental,6,0
52375,Experimental Pop,0,6
52447,Soundtrack,3,2
52452,Soundtrack,3,5
52500,Folk,3,2
52501,Folk,3,5
52502,Folk,3,2
52508,Folk,2,3
52629,Electronic,5,2
52641,Electronic,1,1
52860,Experimental,0,4
52862,Experimental,4,4
52946,Folk,3,5
52947,Folk,3,5
52948,Folk,6,7
52950,Folk,3,7
52951,Folk,3,5
52953,Folk,3,5
52954,Folk,3,5
53152,Reggae - Dub,5,5
53154,Reggae - Dub,5,3
53156,Reggae - Dub,5,1
53157,Reggae - Dub,5,3
53228,Experimental Pop,0,6
53381,Alternative Hip-Hop,4,6
53576,Singer-Songwriter,7,0
53578,Singer-Songwriter,7,5
53587,Folk,0,4
53588,Folk,0,6
53589,Folk,0,6
53724,Polka,6,6
53727,Polka,6,7
53862,Electronic,4,1
53863,Electronic,2,7
54031,Experimental Pop,6,6
54034,Experimental Pop,6,7
54037,Experimental Pop,4,4
54039,Experimental Pop,6,7
54151,Soundtrack,6,6
54153,Soundtrack,1,6
54156,Soundtrack,5,5
54234,Pop,6,7
54235,Pop,2,5
54236,Pop,4,1
54237,Pop,6,5
54297,Folk,3,0
54335,Electronic,5,3
54365,Hip-Hop,2,3
54376,Hip-Hop,2,7
54443,Reggae - Dub,5,3
54570,Latin America,0,6
54580,Latin America,4,6
54621,Metal,4,1
54624,Metal,2,1
54625,Metal,2,1
54626,Metal,2,1
54662,Chip Music,5,3
54665,Experimental Pop,6,6
54703,Folk,4,6
54735,Punk,4,1
54753,Hip-Hop,2,7
55076,Experimental Pop,6,6
55101,Hip-Hop Beats,2,1
55113,Hip-Hop,5,3
55119,Hip-Hop Beats,2,1
55120,Hip-Hop Beats,5,3
55121,Hip-Hop Beats,5,5
55122,Hip-Hop Beats,5,3
55123,Rap,5,1
55124,Hip-Hop Beats,2,7
55149,Chiptune,5,7
55183,Electronic,5,3
55232,Reggae - Dub,5,5
55233,Reggae - Dub,1,7
55235,Reggae - Dub,5,3
55236,Reggae - Dub,5,3
55241,Reggae - Dub,5,3
55242,Reggae - Dub,5,7
55285,Pop,2,1
55286,Pop,1,3
55287,Pop,2,1
55288,Pop,2,5
55291,Pop,2,1
55293,Pop,7,6
55294,Pop,4,4
55436,Experimental Pop,4,4
55549,Hip-Hop,6,7
55572,Hip-Hop,5,3
55807,Chiptune,5,3
55808,Chiptune,1,7
55832,International,2,3
55833,International,2,3
55900,Hip-Hop,6,1
56029,Techno,6,4
56034,Dance,6,7
56036,Dance,5,3
56248,Experimental Pop,3,5
56249,Experimental Pop,7,0
56274,Pop,2,1
56275,Pop,2,7
56460,Experimental Pop,4,6
56465,Asia-Far East,2,7
56471,Asia-Far East,6,6
56496,Hip-Hop,4,4
56497,Hip-Hop,5,3
56498,Hip-Hop,4,1
56499,Hip-Hop,6,7
56516,Singer-Songwriter,7,2
56517,Singer-Songwriter,7,5
56518,Singer-Songwriter,7,5
56519,Singer-Songwriter,3,5
56520,Singer-Songwriter,7,7
56521,Singer-Songwriter,7,5
56559,Noise-Rock,4,4
56641,Hip-Hop,7,1
56648,Surf,6,7
56686,Reggae - Dub,5,3
56689,Reggae - Dub,5,3
56691,Reggae - Dub,7,7
56695,Reggae - Dub,5,2
56799,Electronic,3,2
56895,Pop,5,7
57164,Freak-Folk,2,7
57175,Freak-Folk,6,1
57176,Freak-Folk,1,7
57177,Freak-Folk,6,7
57178,Experimental Pop,5,3
57179,Experimental Pop,7,2
57435,Experimental Pop,1,4
57437,Experimental Pop,1,0
57500,Punk,4,4
57569,Rock,4,4
57639,Folk,3,5
57640,Folk,3,2
57658,Indie-Rock,4,4
57661,Indie-Rock,4,4
57662,Indie-Rock,4,4
57663,Indie-Rock,4,4
57665,African,3,5
57697,African,5,5
57823,Hip-Hop Beats,0,6
57892,Lo-Fi,6,4
57937,Holiday,4,4
57939,Holiday,4,1
57943,Holiday,3,2
58054,Avant-Garde,7,1
58061,Avant-Garde,0,6
58063,Avant-Garde,1,7
58068,Field Recordings,4,6
58115,Pop,6,4
58116,Pop,4,4
58117,Pop,4,4
58135,Free-Folk,4,1
58140,Free-Folk,4,4
58161,Synth Pop,5,5
58164,Synth Pop,7,7
58169,Synth Pop,7,4
58212,Hip-Hop,5,3
58213,Hip-Hop,5,7
58215,Hip-Hop,4,1
58221,Rock,1,6
58225,Lo-Fi,4,4
58539,Rock,0,6
58540,Rock,4,4
58541,Rock,4,4
59078,Lo-Fi,6,0
59373,Punk,6,6
59374,Punk,0,6
59445,Experimental Pop,0,4
59446,Experimental Pop,4,4
59448,Experimental Pop,0,4
59449,Experimental Pop,4,6
59451,Experimental Pop,4,1
59561,Punk,4,4
59581,French,7,0
59653,International,7,4
59654,International,7,4
59656,International,7,4
59658,International,7,4
59659,International,7,4
59664,International,7,4
59666,International,7,4
59675,International,7,4
59676,International,7,1
59677,International,7,4
59683,International,7,6
59686,International,7,4
59695,International,7,4
59706,International,7,7
59711,Balkan,7,4
59718,Balkan,7,1
59719,International,7,6
59720,International,7,4
59725,International,7,4
59727,International,7,6
59876,Rock,6,7
60037,North African,3,5
60045,North African,7,6
60146,Balkan,7,1
60534,Romany (Gypsy),4,4
60736,Punk,4,4
60756,Balkan,7,1
60776,Europe,0,0
60777,Europe,7,6
60994,Experimental,4,4
61008,Folk,3,2
61159,Hip-Hop,5,7
61160,Hip-Hop,5,3
61174,Hip-Hop,2,1
61175,Hip-Hop,2,1
61452,Hip-Hop,2,1
61453,Hip-Hop,5,3
61591,Experimental Pop,6,7
61668,Hip-Hop,5,7
61670,Pop,2,3
61679,Pop,4,1
61734,Pop,5,5
61742,Pop,1,1
61821,Progressive,0,6
61884,Hip-Hop,6,6
62163,Pop,6,0
62165,Pop,7,5
62184,Afrobeat,4,4
62186,Afrobeat,2,7
62187,Afrobeat,5,5
62188,Afrobeat,4,4
62189,Afrobeat,5,7
62190,Afrobeat,2,7
62191,Afrobeat,2,1
62192,Afrobeat,6,0
62195,Afrobeat,0,0
62196,Afrobeat,6,7
62527,Reggae - Dub,2,7
62529,Reggae - Dub,6,7
62531,Reggae - Dub,2,7
63043,Indie-Rock,4,1
63044,Indie-Rock,1,4
63045,Indie-Rock,4,4
63161,Audio Collage,6,7
63191,Rock,4,4
63208,Folk,6,7
63224,Pop,4,4
63226,Pop,2,3
63250,Folk,0,6
63251,Folk,0,4
63252,Folk,0,0
63255,Folk,0,6
63257,Folk,6,6
63258,Folk,0,6
63456,Folk,0,6
63471,Metal,4,4
63472,Metal,4,4
63733,Hip-Hop,4,4
63789,Hip-Hop,6,7
63803,Hip-Hop,6,6
63804,Hip-Hop,6,6
63805,Hip-Hop,2,7
63908,Hip-Hop,0,7
63922,Psych-Rock,4,1
63999,Pop,4,6
64005,Pop,5,1
64006,Pop,5,7
64007,Pop,2,1
64008,Pop,6,5
64009,Pop,5,7
64035,Indie-Rock,4,4
64078,Drone,0,6
64247,Avant-Garde,6,6
64248,Avant-Garde,6,7
64249,Avant-Garde,2,7
64252,Avant-Garde,6,7
64253,Avant-Garde,4,4
64333,Electronic,1,3
64338,Hip-Hop,5,7
64364,Pop,5,2
64365,Pop,5,3
64366,Pop,3,5
64516,Hip-Hop,2,7
64517,Hip-Hop,2,7
64519,Hip-Hop,5,7
64520,Hip-Hop,2,7
64521,Hip-Hop,2,3
64522,Hip-Hop,2,3
64523,Hip-Hop,6,7
64535,Drum & Bass,0,0
64537,Drum & Bass,5,3
64553,Psych-Folk,2,7
64556,Psych-Folk,7,7
64590,Latin America,6,7
64591,Latin America,2,1
64593,Latin America,3,7
64788,Experimental Pop,0,6
64796,Pop,5,7
64809,Singer-Songwriter,3,0
64840,Pop,6,0
64841,Pop,4,4
64995,Hip-Hop Beats,2,5
65073,Electronic,5,2
65619,Electro-Punk,4,1
65755,Pop,4,4
65893,Folk,1,3
66058,Singer-Songwriter,0,0
66180,Folk,2,7
66187,Folk,7,5
66390,Ambient Electronic,6,0
66394,Rock,4,4
66536,Lo-Fi,0,6
66539,Lo-Fi,1,7
66638,Electronic,3,2
66641,Pop,2,7
66643,Pop,4,1
66646,Pop,1,6
66650,Pop,2,7
66783,Pop,5,5
67007,Experimental Pop,6,7
67017,Folk,6,5
67235,Hip-Hop,1,3
67330,Experimental Pop,6,6
67336,Experimental Pop,6,7
67359,Experimental Pop,2,7
67365,Experimental Pop,7,7
67366,Experimental Pop,6,6
67367,Experimental Pop,2,3
67368,Experimental Pop,1,7
67556,Rock,6,6
67557,Rock,6,6
67558,Rock,3,5
67597,Folk,7,0
67600,Folk,0,6
67639,Dubstep,2,1
67660,Indie-Rock,6,6
67707,Electroacoustic,7,5
67763,Folk,6,0
67764,Folk,6,0
67765,Folk,3,0
67766,Folk,3,5
67784,Hip-Hop,6,7
67793,Hip-Hop,4,1
68353,Pop,1,1
68354,Pop,2,5
68355,Pop,2,7
68356,Pop,2,7
68404,Rock,4,1
68531,Hip-Hop,5,1
68537,Field Recordings,0,4
68538,Field Recordings,6,6
68541,Field Recordings,6,6
68543,Field Recordings,0,6
68549,Field Recordings,6,6
68573,Field Recordings,7,3
68592,Alternative Hip-Hop,5,3
68601,Alternative Hip-Hop,2,7
68837,Folk,0,6
68841,Folk,0,6
68842,Folk,3,0
68843,Folk,0,6
68844,Folk,3,0
68852,Folk,7,7
68909,Goth,6,6
69181,Experimental Pop,6,0
69204,House,0,6
69209,House,6,6
69210,House,2,7
69223,Dubstep,5,7
69303,Experimental,1,7
69554,Hip-Hop,4,1
69555,Hip-Hop,5,7
69561,Hip-Hop,2,1
69563,Hip-Hop,5,7
69564,Hip-Hop,4,4
69567,Free-Folk,0,6
69723,New Wave,0,0
69726,New Wave,4,6
69732,Electronic,5,3
69785,Experimental,2,7
69787,Experimental,6,6
69789,Experimental,2,7
69793,Experimental,2,5
69824,Hip-Hop,2,3
69825,Hip-Hop,5,7
69826,Hip-Hop,5,3
69827,Hip-Hop,2,1
69828,Hip-Hop,2,1
69904,Hip-Hop,5,3
69949,Punk,4,1
70206,Hip-Hop,2,7
70208,Hip-Hop,2,7
70299,Trip-Hop,0,2
70300,Trip-Hop,2,7
70403,Post-Rock,4,4
70409,Lo-Fi,4,1
70423,Pop,2,1
70425,Pop,4,7
70426,Pop,4,1
70654,Hip-Hop,5,3
70655,Hip-Hop,5,2
70813,Grindcore,4,4
70879,Experimental Pop,6,0
71133,Psych-Folk,7,7
71157,Hip-Hop,5,5
71158,Hip-Hop,3,5
71216,Hip-Hop,1,1
71225,Hip-Hop,2,3
71228,Hip-Hop,2,1
71230,Hip-Hop,6,5
71231,Hip-Hop,2,7
71240,Hip-Hop,4,4
71241,Hip-Hop,5,7
71242,Hip-Hop,5,5
71243,Hip-Hop,5,3
71245,Hip-Hop,5,5
71246,Hip-Hop,5,7
71247,Hip-Hop,5,7
71248,Hip-Hop,5,7
71249,Hip-Hop,6,7
71250,Hip-Hop,1,1
71251,Hip-Hop,5,3
71253,Hip-Hop,5,7
71254,Hip-Hop,1,7
71255,Hip-Hop,2,1
71372,Rock,4,4
71508,Electronic,4,1
71514,Electronic,4,1
71617,Metal,4,4
71620,Metal,4,4
71622,Metal,4,4
71690,Hip-Hop,5,5
71691,Hip-Hop,5,5
71692,Hip-Hop,1,3
71709,Pop,4,4
71711,Punk,4,4
71714,Punk,4,4
71715,Punk,4,4
71719,Garage,4,4
71722,Psych-Folk,6,5
72046,Folk,4,1
72047,Folk,2,7
72050,Folk,6,1
72058,Folk,2,5
72064,Rock,5,3
72129,Hip-Hop,5,7
72130,Hip-Hop,5,3
72131,Hip-Hop,2,3
72287,Rock,4,6
72288,Rock,4,4
72289,Rock,4,4
72290,Rock,4,4
72468,Hip-Hop,5,5
72781,Hip-Hop,0,0
72787,Hip-Hop,5,7
72788,Hip-Hop,5,7
72790,Hip-Hop,5,3
72928,Avant-Garde,0,6
73087,Experimental Pop,1,7
73169,Folk,3,2
73170,Folk,3,2
73171,Folk,3,2
73172,Folk,3,2
73174,Folk,3,2
73175,Folk,3,0
73192,Rock,4,4
73309,Rock,6,7
73465,Pop,6,7
73466,Pop,1,3
73467,Pop,2,1
73469,Pop,7,2
73486,Punk,4,4
73494,Experimental,7,7
73519,Hardcore,4,4
73522,Hardcore,4,4
73550,Hip-Hop,2,7
73568,Folk,7,7
73760,Europe,5,3
73761,Europe,6,1
73763,Europe,3,2
73766,Europe,5,3
73768,Europe,5,3
73770,Europe,6,6
73772,Europe,3,5
73774,Europe,2,1
73775,Europe,1,0
73778,Europe,6,7
74347,Avant-Garde,0,0
74370,Holiday,6,1
74372,Holiday,3,5
74373,Holiday,3,5
74374,Holiday,2,7
74376,Holiday,3,0
74377,Holiday,3,2
74378,Holiday,4,4
74380,Holiday,6,7
74382,Holiday,3,5
74383,Holiday,6,7
74384,Holiday,1,7
74385,Holiday,7,5
74386,Holiday,2,1
74388,Holiday,3,5
74389,Holiday,3,5
74391,Holiday,4,1
74392,Holiday,4,1
74393,Holiday,2,5
74421,Folk,1,7
74445,Folk,6,7
74671,Psych-Rock,7,4
74908,Grindcore,4,1
74937,Folk,3,5
74945,Pop,2,1
74954,Hip-Hop,5,3
75194,Pop,6,6
75211,Post-Punk,5,3
75314,Experimental Pop,1,7
75371,Hip-Hop,6,7
75372,Hip-Hop,5,3
75373,Hip-Hop,5,1
75374,Hip-Hop,5,7
75375,Hip-Hop,6,6
75376,Hip-Hop,6,7
75377,Hip-Hop,1,1
75378,Hip-Hop,5,7
75379,Hip-Hop,3,5
75380,Hip-Hop,2,1
75381,Hip-Hop,5,3
75389,Hip-Hop,7,3
75390,Hip-Hop,5,3
75391,Hip-Hop,4,4
75393,Hip-Hop,1,1
75395,Hip-Hop,5,3
75396,Hip-Hop,1,3
75398,Hip-Hop,5,3
75399,Hip-Hop,5,7
75401,Hip-Hop,5,3
75403,Hip-Hop,5,3
75412,Rap,6,7
75415,Rap,5,3
75417,Rap,5,1
75418,Rap,5,3
75419,Rap,2,5
75420,Rap,6,7
75425,Rap,6,7
75427,Rap,6,6
75428,Rap,2,7
75429,Soundtrack,3,2
75430,Soundtrack,5,5
75692,Pop,4,4
75746,Hip-Hop,5,3
75747,Hip-Hop,5,7
75749,Hip-Hop,6,7
75750,Hip-Hop,5,7
75751,Hip-Hop,7,3
75755,Hip-Hop,2,1
75784,Rock,2,7
75787,Rock,4,4
75844,Freak-Folk,0,0
75862,Freak-Folk,1,5
75929,Hip-Hop,5,7
76036,Field Recordings,7,3
76069,International,7,7
76074,International,7,6
76079,International,1,3
76437,Folk,2,7
76440,Folk,2,3
76654,Techno,1,1
76659,Techno,0,6
77519,Avant-Garde,6,6
77523,Avant-Garde,0,0
77564,Pop,6,5
77571,Hip-Hop,5,1
77572,Pop,6,5
78038,Experimental,7,2
78833,Hip-Hop,1,7
78834,Hip-Hop,6,7
78839,Hip-Hop,5,1
78841,Hip-Hop,5,3
78843,Hip-Hop,5,7
78845,Hip-Hop,5,3
78848,Hip-Hop,2,7
78849,Hip-Hop,6,7
78850,Hip-Hop,7,1
78851,Hip-Hop,5,3
78852,Hip-Hop,5,3
78984,Hip-Hop,2,1
78998,Hip-Hop,4,1
79575,Rock,4,1
79593,Folk,3,5
79610,Hip-Hop,5,3
79616,Hip-Hop,5,3
79985,Folk,7,5
79995,Folk,6,5
80000,Folk,6,7
80002,Folk,5,5
80003,Folk,6,6
80293,Hip-Hop,5,3
80680,Balkan,7,7
80687,Balkan,7,5
80693,International,7,1
80751,Balkan,0,0
80753,Balkan,0,6
80755,Balkan,0,6
80758,Europe,6,6
80834,Chiptune,6,6
81037,Freak-Folk,3,5
81082,Psych-Folk,7,7
81084,Psych-Folk,6,6
81362,Holiday,5,2
81365,Holiday,3,2
81938,Folk,3,5
81945,Folk,3,5
81946,Folk,3,2
82231,Field Recordings,2,7
82462,Rock,6,0
82464,Rock,0,0
82778,Hip-Hop,2,7
82780,Hip-Hop,6,7
82892,Folk,3,5
82893,Folk,3,5
82918,Soundtrack,6,0
82919,Soundtrack,4,1
82932,Soundtrack,6,7
83437,Folk,3,2
83438,Folk,3,2
83439,Folk,3,2
83440,Folk,3,2
83507,Synth Pop,0,0
83509,Synth Pop,7,7
83511,Synth Pop,0,0
83512,Synth Pop,3,0
83558,Hip-Hop,5,7
83612,Soundtrack,0,2
83613,Soundtrack,0,0
83715,Hip-Hop,7,1
83717,Hip-Hop,4,1
83718,Hip-Hop,2,3
83789,Death-Metal,4,4
83790,Death-Metal,4,1
83791,Death-Metal,4,1
83898,Avant-Garde,0,6
83903,Avant-Garde,0,6
83906,Avant-Garde,0,4
83911,Avant-Garde,0,6
83969,Rock,2,7
84009,Folk,3,2
84056,Experimental,5,3
84057,Experimental,4,4
84058,Experimental,6,6
84136,Experimental,3,5
84142,Experimental,6,0
84144,Experimental,0,6
84154,Singer-Songwriter,3,5
84156,Singer-Songwriter,0,6
84157,Singer-Songwriter,3,0
84158,Singer-Songwriter,0,4
84159,Singer-Songwriter,3,2
84290,Rock,4,4
84291,Rock,4,4
84743,Punk,4,1
84757,Post-Rock,4,6
84817,Pop,1,7
85027,New Wave,6,0
85039,Dubstep,5,3
85307,Pop,6,6
85308,Pop,6,7
85309,Pop,5,7
85419,Pop,4,4
85420,Pop,4,6
85422,Pop,4,6
85424,Pop,7,6
85426,Pop,4,4
85482,Folk,6,7
85486,Folk,2,7
85489,Folk,2,7
85490,Folk,6,7
85491,Folk,6,7
85492,Folk,6,7
85494,Noise,7,7
85592,Pop,5,5
85593,Pop,6,5
85594,Pop,5,3
85595,Pop,3,5
85596,Pop,6,6
85598,Pop,4,1
85599,Pop,5,5
85788,Punk,4,4
85791,Punk,4,4
85792,Punk,5,7
85817,Punk,4,1
85831,Electronic,0,0
85952,Pop,1,4
85953,Pop,6,6
85954,Pop,6,7
85955,Pop,4,4
85956,Pop,1,6
85957,Pop,6,7
85968,Folk,2,1
85973,Folk,0,6
86039,Soundtrack,3,2
86040,Soundtrack,7,4
86116,Pop,4,1
86117,Pop,2,7
86119,Pop,4,7
86140,Avant-Garde,3,5
86415,Hip-Hop,6,7
86419,Black-Metal,4,4
86441,Rock,6,6
86443,Rock,6,4
86623,Singer-Songwriter,2,7
86634,Pop,4,1
86795,Rock,2,7
86993,Metal,2,7
87068,Electronic,4,4
87069,Electronic,5,3
87101,Soundtrack,0,2
87121,Rock,4,4
87151,Metal,4,4
87152,Metal,4,4
87154,Metal,4,4
87155,Metal,4,1
87158,Electronic,2,1
87185,Pop,6,7
87187,Pop,6,6
87189,Pop,7,1
87190,Pop,1,6
87191,Pop,6,0
87192,Pop,2,5
87193,Pop,6,7
87194,Pop,7,1
87322,Pop,3,5
87323,Pop,7,3
87324,Pop,7,7
87325,Pop,6,6
87362,Psych-Rock,6,7
87363,Psych-Rock,2,1
87490,Rock,4,1
87965,Folk,0,0
87966,Folk,0,0
87967,Folk,3,5
87968,Folk,1,5
87971,Folk,3,5
87972,Folk,0,0
88429,Synth Pop,6,1
88486,Avant-Garde,7,4
88846,Folk,4,1
88848,Folk,1,7
88854,Folk,4,4
88856,Folk,4,4
88863,Folk,6,6
88864,Folk,6,7
88868,Folk,4,4
88899,Lo-Fi,5,3
88900,Lo-Fi,4,1
88959,Indie-Rock,2,1
88960,Indie-Rock,5,3
89212,Audio Collage,6,4
89441,Free-Folk,3,2
89445,Hip-Hop,2,7
89447,Hip-Hop,4,1
89473,Hip-Hop,4,1
89477,Folk,4,1
89482,Folk,4,1
89484,Folk,4,1
89485,Folk,3,7
89486,Folk,7,4
89639,Electronic,2,7
89704,Rock,4,4
89841,Hip-Hop,5,3
89843,Hip-Hop,2,1
89846,Hip-Hop,5,1
89847,Hip-Hop,5,3
89848,Hip-Hop,2,1
89857,Hip-Hop,2,1
89859,Hip-Hop,2,1
89860,Hip-Hop,5,7
90616,Ambient,0,0
90625,Folk,7,7
90824,Pop,7,7
90826,Pop,4,1
90828,Pop,4,6
90982,Hip-Hop,5,7
90987,Hip-Hop,6,6
90993,Hip-Hop,5,7
91092,Rock,4,4
91093,Rock,6,4
91098,Folk,3,0
91102,Folk,6,0
91170,Folk,6,6
91181,Celtic,5,7
91185,Celtic,0,0
91187,Celtic,2,7
91228,Folk,5,5
91238,Folk,6,7
91306,Hip-Hop,5,3
91312,Hip-Hop,5,3
91319,Hip-Hop,5,7
91329,Rock,6,6
91443,Folk,3,2
91455,Post-Punk,1,6
91458,Post-Punk,6,7
91471,Synth Pop,1,1
91621,Chiptune,2,7
91625,Chiptune,2,7
91788,Folk,7,3
91790,Folk,3,5
91791,Folk,3,0
91793,Folk,3,6
91796,Folk,7,7
91797,Folk,3,5
91933,Folk,0,0
91936,Folk,3,5
91937,Folk,3,0
91938,Folk,3,2
91958,Singer-Songwriter,7,7
91960,Reggae - Dub,5,5
92125,Synth Pop,7,6
92206,Reggae - Dub,1,3
92292,Folk,7,7
92508,Rock,4,4
92535,Folk,3,2
92536,Folk,3,2
92540,Folk,3,2
92549,Electronic,5,1
92562,Electronic,5,3
92868,Rock,2,1
92878,Avant-Garde,6,0
92885,Avant-Garde,0,6
93074,Singer-Songwriter,6,6
93075,Singer-Songwriter,3,2
93518,Electronic,3,0
93521,Electronic,1,7
93704,Folk,3,5
93710,Folk,6,7
93712,Folk,3,5
93716,Folk,6,6
93867,Psych-Rock,4,4
93943,Synth Pop,5,2
93986,Punk,4,4
94026,Punk,6,4
94037,Ambient,0,0
94099,Indie-Rock,4,4
94102,Indie-Rock,4,6
94348,Punk,2,1
94419,Rock,5,1
94422,Folk,7,7
94423,Pop,5,7
94426,Hip-Hop,7,3
94449,Hip-Hop,7,7
94467,Hip-Hop,2,7
94628,Experimental Pop,4,4
94631,Experimental Pop,4,1
94632,Experimental Pop,7,7
94638,Experimental Pop,7,4
95231,Punk,4,4
95248,Power-Pop,4,4
95249,Power-Pop,4,1
95250,Power-Pop,4,4
95251,Power-Pop,4,4
95308,Indie-Rock,4,7
95310,Indie-Rock,6,6
95452,Instrumental,1,7
95506,Garage,2,7
95725,Instrumental,3,0
95908,Hip-Hop,4,4
95910,Hip-Hop,2,4
95911,Hip-Hop,6,4
95912,Hip-Hop,4,4
95914,Hip-Hop,5,1
95915,Hip-Hop,4,4
96168,International,3,5
96400,Rock,4,1
96401,Rock,5,1
96408,Indie-Rock,2,1
96560,Rock,0,6
96657,Hip-Hop,5,3
96678,Hip-Hop,2,7
96692,Folk,3,5
96693,Folk,6,0
96694,Folk,3,2
96695,Folk,6,5
96696,Folk,3,2
96697,Folk,3,2
96698,Folk,3,2
96699,Folk,3,2
96718,Punk,5,7
96726,Folk,3,2
96728,Folk,3,2
96729,Folk,3,2
96730,Folk,3,2
96731,Folk,3,2
96738,Balkan,7,3
96742,Balkan,7,7
96759,Post-Punk,1,4
97037,Hip-Hop,1,1
97041,Hip-Hop,5,7
97211,Folk,3,0
97215,Folk,3,5
97285,Instrumental,1,6
97286,Punk,5,7
97406,Avant-Garde,6,7
97545,Electronic,3,2
97547,Techno,4,4
97548,Techno,5,3
97568,Rap,5,5
97569,Rap,2,7
97570,Rap,6,7
97586,Singer-Songwriter,4,4
97587,Singer-Songwriter,7,6
97588,Singer-Songwriter,3,5
97589,Singer-Songwriter,3,2
97590,Singer-Songwriter,3,5
97690,Indie-Rock,4,1
97692,Hip-Hop,3,2
97697,Hip-Hop,5,3
97794,Noise,2,5
97886,Hardcore,4,4
97894,Indie-Rock,5,7
97958,Electronic,5,7
97960,Electronic,6,0
97987,Hip-Hop,7,3
97989,Hip-Hop,7,3
98077,Punk,6,6
98204,Electronic,5,7
98251,Punk,5,1
98297,Indie-Rock,5,5
98300,Romany (Gypsy),4,6
98547,Hip-Hop,7,4
98548,Hip-Hop,5,1
98549,Hip-Hop,5,1
98550,Hip-Hop,7,1
98551,Hip-Hop,7,1
98552,Hip-Hop,2,1
98553,Hip-Hop,4,1
98554,Hip-Hop,2,7
98555,Hip-Hop,2,1
98556,Hip-Hop,7,1
98557,Hip-Hop,5,3
98573,Hip-Hop,2,7
98574,Hip-Hop,6,7
98575,Hip-Hop,2,7
98576,Hip-Hop,2,3
98577,Hip-Hop,2,3
98578,Hip-Hop,5,7
98579,Hip-Hop,5,7
98580,Hip-Hop,5,3
98581,Hip-Hop,2,1
98582,Hip-Hop,1,7
98583,Hip-Hop,2,3
98584,Hip-Hop,2,3
98613,Hip-Hop,5,7
98617,Hip-Hop,6,7
98618,Hip-Hop,5,7
98619,Hip-Hop,4,1
98620,Hip-Hop,2,7
98621,Hip-Hop,1,4
98622,Hip-Hop,5,7
98623,Hip-Hop,1,7
98624,Hip-Hop,4,1
98625,Hip-Hop,6,6
98626,Hip-Hop,2,5
98627,Hip-Hop,4,1
98628,Hip-Hop,2,1
98656,Balkan,7,3
98657,Balkan,7,3
98671,International,2,1
98680,International,7,1
98681,International,7,4
98701,Rock,4,1
99041,Electronic,5,3
99093,Hip-Hop,1,1
99095,Hip-Hop,5,7
99096,Hip-Hop,5,7
99214,Experimental,0,0
99345,Metal,4,4
99361,International,7,1
99362,International,7,7
99363,International,7,1
99368,International,7,3
99370,International,7,1
99372,International,7,3
99373,International,7,7
99375,International,7,1
99390,International,7,7
99391,International,7,3
99393,International,7,7
99394,International,7,1
99395,International,7,3
99419,Garage,6,6
99440,Garage,4,4
99442,Garage,4,4
99501,Hip-Hop,6,7
100478,Hip-Hop,6,6
100479,Hip-Hop,4,1
100480,Hip-Hop,6,6
100549,Electronic,5,7
100802,New Wave,4,1
100949,Hip-Hop,2,7
100958,Hip-Hop,5,3
100959,Hip-Hop,2,7
101111,Reggae - Dub,2,7
101112,Reggae - Dub,2,7
101116,Reggae - Dub,2,1
101118,Reggae - Dub,2,7
101119,Reggae - Dub,2,7
101951,Punk,4,4
102112,Audio Collage,2,7
103519,Soundtrack,6,0
103520,Soundtrack,1,6
103521,Soundtrack,6,6
103523,Soundtrack,1,7
103800,Hip-Hop,5,3
104008,Folk,7,7
104009,Folk,7,1
104010,Folk,7,7
104065,Pop,1,7
104278,Electronic,5,3
104357,Folk,6,7
104625,Experimental,5,5
104668,Post-Punk,4,1
104780,Experimental Pop,1,5
105141,Rock,1,3
105142,Rock,5,7
105196,Freak-Folk,5,2
105443,Hip-Hop,2,7
105450,Hip-Hop,1,7
105451,Hip-Hop,2,3
105670,Electronic,3,5
105674,Electronic,0,6
105682,Indie-Rock,5,1
105683,Rap,7,1
105685,Rap,3,5
105712,Folk,3,2
105713,Folk,3,2
105714,Folk,3,5
105715,Folk,3,5
105716,Folk,7,6
105717,Folk,7,0
105718,Folk,7,6
105824,Hip-Hop,2,1
105825,Hip-Hop,2,5
105826,Hip-Hop,2,1
105887,Folk,3,5
105890,Folk,3,2
105912,Rock,6,6
106339,Folk,3,2
106342,Folk,3,2
106343,Folk,3,5
106456,Freak-Folk,6,7
106463,Power-Pop,2,1
106465,Power-Pop,7,4
106563,Rock,0,6
106937,Folk,3,2
106948,Punk,6,7
107020,Hip-Hop,5,3
107021,Hip-Hop,2,7
107025,Hip-Hop,5,1
107027,Hip-Hop,5,3
107028,Hip-Hop,1,3
107030,Hip-Hop,2,7
107031,Hip-Hop,5,7
107048,Pop,5,5
107101,Punk,4,7
107178,Reggae - Dub,5,7
107185,Reggae - Dub,6,1
107249,International,4,6
107567,Folk,3,2
107569,Folk,3,0
107571,Folk,6,0
107574,Folk,6,5
107589,Folk,3,2
107591,Folk,6,0
107594,Folk,3,2
107595,Folk,6,7
107597,Folk,3,2
107613,Trip-Hop,4,1
107617,Trip-Hop,6,5
107799,Rock,1,4
107809,Hip-Hop,4,1
107850,Hip-Hop,4,4
107851,Singer-Songwriter,0,6
107852,Singer-Songwriter,6,6
107908,Electronic,6,6
107909,Electronic,4,1
107949,Latin,2,1
107951,Latin,6,1
107952,Latin,2,7
107953,Latin,4,1
107955,Latin,2,1
108014,Folk,3,5
108016,Folk,3,2
108059,Improv,7,6
108060,Improv,0,6
108079,Post-Rock,0,7
108298,Psych-Rock,4,6
108299,Folk,3,5
108300,Folk,3,2
108301,Folk,2,7
108302,Folk,2,1
108303,Folk,2,7
108304,Folk,7,7
108306,Folk,7,7
108307,Folk,3,7
108313,Experimental,0,6
108314,Experimental,0,0
108318,Experimental,3,2
108416,Electronic,3,2
108425,Synth Pop,1,4
108426,Synth Pop,4,1
108427,Synth Pop,1,7
108428,Synth Pop,5,3
108457,Pop,1,1
108459,Pop,6,6
108461,Pop,4,1
108487,Hip-Hop,5,7
108488,Hip-Hop,5,7
108489,Hip-Hop,2,5
108490,Hip-Hop,6,7
108491,Hip-Hop,2,7
108492,Hip-Hop,5,3
108493,Hip-Hop,5,3
108494,Hip-Hop,2,7
108495,Hip-Hop,2,1
108496,Hip-Hop,2,3
108497,Hip-Hop,5,3
108498,Hip-Hop,6,7
108499,Hip-Hop,5,3
108500,Hip-Hop,7,1
108503,Punk,4,1
108505,Punk,4,4
108745,Hip-Hop,2,5
108799,Hip-Hop,6,1
108808,Hip-Hop,6,7
108836,Hip-Hop,5,7
108839,Hip-Hop,2,3
108842,Hip-Hop,5,7
108843,Hip-Hop,5,3
108845,Hip-Hop,5,3
108846,Hip-Hop,2,3
108865,Balkan,7,3
108866,Balkan,1,3
108867,Balkan,7,3
108868,Balkan,7,3
108957,Indie-Rock,4,6
108961,Indie-Rock,4,1
108969,Rock,1,3
109203,Indie-Rock,4,4
109235,Punk,6,6
109349,Indie-Rock,1,1
109355,Lo-Fi,4,4
109356,Lo-Fi,6,7
109357,Lo-Fi,4,1
109445,Folk,3,2
109446,Folk,3,2
109447,Folk,3,5
109448,Folk,3,5
109450,Folk,3,5
109468,Garage,4,4
109480,Singer-Songwriter,1,5
109497,Hardcore,4,1
109670,Hip-Hop,6,7
109681,Hip-Hop,5,7
109684,Hip-Hop,5,3
109685,Hip-Hop,5,7
109686,Hip-Hop,5,3
109687,Hip-Hop,5,3
109896,Folk,3,5
109900,Folk,3,5
109901,Folk,2,7
109903,Folk,2,7
109905,Folk,2,7
109906,Folk,2,5
109972,Experimental Pop,3,2
109975,Experimental Pop,3,5
109977,Experimental Pop,6,6
109978,Experimental Pop,3,2
110070,Hip-Hop,5,3
110084,Hip-Hop,2,3
110085,Hip-Hop,5,5
110109,Electronic,5,3
110166,Rock,2,1
110167,Rock,1,4
110259,Hip-Hop,2,1
110260,Hip-Hop,2,1
110261,Hip-Hop,5,1
110263,Hip-Hop,7,1
110264,Hip-Hop,2,1
110265,Hip-Hop,5,3
110266,Hip-Hop,5,1
110267,Hip-Hop,5,7
110410,Industrial,4,4
110417,Industrial,4,4
110438,Folk,3,5
110447,Reggae - Dub,5,3
110449,Reggae - Dub,4,7
110451,Reggae - Dub,1,3
110452,Reggae - Dub,4,1
110546,Punk,4,4
110636,Psych-Rock,5,3
110648,Instrumental,3,2
110649,Instrumental,2,3
110652,Instrumental,3,5
110653,Instrumental,2,7
110688,Electronic,2,7
110744,Hip-Hop,2,4
110756,Hip-Hop,6,6
110764,Hip-Hop,5,3
110765,Hip-Hop,5,7
110768,Hip-Hop,6,6
110775,Hip-Hop,5,3
110776,Hip-Hop,4,1
110777,Hip-Hop,5,7
110923,Folk,7,5
110928,Folk,3,5
111182,Folk,3,5
111186,Folk,3,5
111187,Folk,3,5
111188,Folk,3,5
111220,Soundtrack,5,1
111228,Soundtrack,0,4
111311,Noise-Rock,6,6
111367,Pop,2,7
111368,Pop,1,1
111372,Pop,6,7
111376,Pop,4,7
111379,Pop,4,1
111385,Pop,5,7
111386,Pop,2,1
111387,Pop,2,7
111388,Pop,2,3
111389,Pop,4,4
111391,Pop,4,4
111392,Pop,5,1
111393,Pop,1,3
111394,Pop,5,7
111395,Pop,5,3
111396,Pop,5,1
111398,Pop,5,3
111399,Pop,5,7
111401,Pop,2,7
111402,Pop,2,7
111413,Jungle,2,1
111416,Jungle,5,3
111658,Indie-Rock,4,4
111747,Rock,3,2
111911,Indie-Rock,4,1
111934,Hip-Hop,5,3
111935,Hip-Hop,5,7
111936,Hip-Hop,6,7
111937,Hip-Hop,2,1
111938,Hip-Hop,7,6
111974,Rock,4,4
111982,Punk,4,4
112066,Metal,4,1
112196,Sound Poetry,0,0
112197,Sound Poetry,7,7
112198,Sound Poetry,0,6
112210,Ambient,0,0
112252,Folk,3,5
112468,Hip-Hop,6,7
112481,Hip-Hop,5,5
112488,Hip-Hop,5,5
112527,Rock,2,3
112528,Rock,2,1
112529,Rock,5,7
112583,Holiday,0,6
112584,Holiday,7,0
112585,Holiday,5,3
112586,Holiday,2,1
112587,Holiday,5,5
112588,Holiday,1,5
112769,Jungle,6,6
112790,Experimental,2,5
112977,Instrumental,3,0
113023,Experimental Pop,4,7
113027,Experimental Pop,5,7
113030,Hip-Hop,2,7
113031,Hip-Hop,4,1
113032,Hip-Hop,5,3
113033,Hip-Hop,6,5
113034,Hip-Hop,1,3
113035,Hip-Hop,5,3
113036,Hip-Hop,5,7
113037,Hip-Hop,1,7
113164,Psych-Rock,4,1
113167,Folk,6,7
113260,International,2,5
113261,International,2,1
113262,International,2,5
113264,International,2,3
113265,International,5,3
113266,International,5,7
113267,International,4,4
113269,International,5,5
113270,International,2,1
113271,International,2,7
113278,International,2,1
113280,International,3,5
113294,Punk,4,1
113303,Punk,4,4
113304,Punk,6,7
113305,Punk,2,7
113342,Folk,3,2
113343,Folk,3,2
113357,Folk,3,2
113359,Folk,3,2
113360,Folk,3,2
113511,Industrial,1,7
113512,Industrial,4,4
113513,Industrial,7,4
113574,Rock,4,4
113696,Tango,7,7
113699,Tango,7,6
113808,Pop,5,3
113809,Pop,2,7
113810,Pop,6,7
113822,Indie-Rock,7,1
113946,Folk,3,2
113949,Folk,3,2
113950,Folk,3,5
114036,Hip-Hop,6,0
114045,Hip-Hop,6,7
114198,Metal,4,4
114199,Metal,2,7
114200,Metal,1,4
114201,Metal,2,3
114236,Soundtrack,3,2
114238,Soundtrack,3,2
114265,Hip-Hop Beats,6,7
114290,Techno,2,1
114294,Techno,1,3
114297,Techno,5,3
114388,Dubstep,5,3
114397,Post-Rock,3,5
114535,Soundtrack,5,2
114538,Soundtrack,3,2
114539,Soundtrack,3,2
114544,Electronic,2,7
114880,International,7,6
114884,International,7,1
114936,International,7,7
114937,International,3,2
114941,International,3,2
114942,International,7,5
114974,Noise,7,7
114976,Noise,4,4
115125,Electroacoustic,4,4
115262,International,7,1
115263,International,4,1
115339,Trip-Hop,6,7
115471,Soundtrack,3,2
115591,Electroacoustic,1,6
115697,Techno,2,3
115761,Metal,4,4
115764,Metal,3,5
115773,Soundtrack,3,2
115811,Chiptune,5,3
115849,Sound Poetry,5,5
115850,Sound Poetry,1,2
115852,Sound Poetry,3,5
115888,Soundtrack,3,5
115922,Psych-Folk,5,3
115925,Psych-Folk,6,7
115927,Folk,0,0
115930,Folk,3,5
115932,Folk,3,5
115935,Folk,7,5
115944,Folk,3,5
116029,Electronic,5,7
116068,House,4,1
116238,Electronic,2,1
116454,Folk,6,7
116489,Soundtrack,3,2
116517,Experimental,6,7
116706,Folk,7,0
116707,Folk,3,2
116735,Soundtrack,3,2
116872,Folk,3,5
116874,Folk,3,5
116876,Folk,3,5
116883,Folk,3,2
117159,Soundtrack,3,2
117610,Soundtrack,3,2
117612,Soundtrack,3,2
117627,Singer-Songwriter,4,4
117629,Singer-Songwriter,0,0
117630,Singer-Songwriter,4,6
117631,Singer-Songwriter,4,4
117666,International,6,1
117667,International,6,7
117669,International,6,7
117670,International,6,7
117883,Rock,6,6
117884,Rock,6,6
117886,Rock,6,6
117944,Reggae - Dub,2,3
117946,Reggae - Dub,2,1
118087,Electroacoustic,6,6
118195,Electroacoustic,4,4
118196,Electroacoustic,6,6
118276,Electroacoustic,6,0
118279,Indie-Rock,4,4
118384,Rock,6,6
118478,Experimental,0,0
118484,Experimental,7,3
118498,Experimental,6,5
118499,Experimental,3,2
118502,Experimental,6,6
118503,Experimental,1,2
118504,Experimental,1,3
118505,Experimental,3,2
118507,Experimental,3,2
118569,Hip-Hop,5,3
118671,Folk,6,5
118672,Folk,1,7
118738,Folk,6,6
118739,Folk,0,0
118886,Folk,3,5
118891,Folk,7,6
118952,Soundtrack,0,0
118988,Sound Collage,2,7
119025,Sound Collage,5,1
119026,Sound Collage,6,4
119027,Sound Collage,4,1
119086,Experimental,0,6
119095,Experimental,0,6
119134,Experimental,3,5
119257,Indie-Rock,5,2
119569,Lo-Fi,7,4
119571,Lo-Fi,7,7
119574,Lo-Fi,7,6
119575,Audio Collage,3,2
119578,Audio Collage,5,7
119580,Audio Collage,5,7
119582,Audio Collage,5,5
119583,Audio Collage,5,5
119584,Experimental Pop,0,6
119592,Experimental Pop,3,5
119719,Singer-Songwriter,6,6
119726,Singer-Songwriter,6,7
119922,Indie-Rock,4,4
119938,Hip-Hop,7,7
119939,Hip-Hop,5,3
119940,Hip-Hop,5,7
119941,Hip-Hop,5,3
119942,Hip-Hop,5,3
119979,Hip-Hop,1,2
119985,Hip-Hop,6,7
119988,Hip-Hop,2,1
119991,Hip-Hop,5,3
119992,Hip-Hop,5,7
119993,Hip-Hop,5,5
119994,Hip-Hop,5,3
120099,Experimental Pop,2,7
120111,Experimental Pop,6,6
120150,Holiday,0,6
120160,Holiday,5,3
120161,Holiday,5,3
120172,Folk,7,2
120177,Folk,3,5
120178,Folk,6,7
120179,Experimental Pop,4,6
120183,Experimental Pop,6,6
120184,Experimental Pop,6,7
120189,Experimental Pop,0,6
120196,Experimental Pop,5,1
120206,Experimental Pop,4,6
120207,Experimental Pop,3,0
120309,Instrumental,0,6
120313,Instrumental,0,0
120317,Instrumental,6,0
120319,Instrumental,6,7
120320,Instrumental,6,7
120324,Instrumental,0,0
120328,Instrumental,6,6
120467,Ambient Electronic,5,5
120518,Punk,4,1
120773,Soundtrack,1,6
121312,Alternative Hip-Hop,6,6
121316,Alternative Hip-Hop,4,4
121317,Alternative Hip-Hop,4,1
121321,Alternative Hip-Hop,6,7
121322,Alternative Hip-Hop,4,4
121323,Alternative Hip-Hop,5,3
121415,Indie-Rock,6,0
121473,Soundtrack,0,6
121570,Punk,4,4
121589,Pop,1,4
121590,Pop,6,1
121591,Pop,6,4
121592,Pop,6,1
121593,Pop,6,6
121594,Pop,4,4
121653,Soundtrack,6,6
121737,Pop,1,6
121738,Pop,3,5
121739,Pop,6,5
121740,Pop,7,6
121813,Punk,4,4
121866,Rock,4,1
121869,Rock,4,4
121922,Reggae - Dub,4,4
122132,Avant-Garde,6,6
122155,Avant-Garde,6,6
122168,Avant-Garde,6,6
122352,Singer-Songwriter,6,7
122353,Singer-Songwriter,6,7
122356,Singer-Songwriter,6,5
122357,Singer-Songwriter,2,7
122358,Singer-Songwriter,6,6
122360,Singer-Songwriter,3,5
122362,Singer-Songwriter,3,0
122363,Singer-Songwriter,6,0
122364,Singer-Songwriter,3,2
122365,Singer-Songwriter,0,0
122397,Rock,6,6
122398,Rock,4,4
122399,Rock,4,4
122457,Techno,5,3
122620,Rock,1,0
122675,New Age,6,6
122685,Rock,6,7
122798,Experimental Pop,4,4
122799,Experimental Pop,5,7
122800,Experimental Pop,2,7
122803,Experimental Pop,5,7
122804,Experimental Pop,4,1
122805,Experimental Pop,2,1
122807,Experimental Pop,4,1
122808,Experimental Pop,0,6
122810,Experimental Pop,0,0
122932,Folk,5,2
122935,Folk,3,2
122936,Folk,3,2
123000,Electronic,6,1
123002,Electronic,2,7
123094,Folk,3,5
123096,Folk,3,2
123097,Folk,3,2
123099,Folk,3,2
123147,Hip-Hop,5,3
123273,Progressive,6,6
123278,Metal,1,4
123427,Punk,4,1
123441,Hip-Hop,4,1
123442,Hip-Hop,5,1
123458,Soundtrack,4,6
123467,Soundtrack,6,6
123468,Soundtrack,4,6
123484,Soundtrack,0,6
123490,Singer-Songwriter,2,7
123494,Singer-Songwriter,1,2
123503,Chiptune,2,1
123614,Hip-Hop,5,3
123647,Hip-Hop,2,7
123866,Garage,4,4
123867,Garage,4,4
123868,Garage,4,4
123899,Singer-Songwriter,3,2
123978,Hip-Hop,4,1
123981,Hip-Hop,2,3
123986,Hip-Hop,2,3
124183,Soundtrack,7,6
124184,Metal,1,1
124391,Rock,1,4
124394,Rock,4,4
124425,Singer-Songwriter,1,7
124426,Singer-Songwriter,3,5
124460,Metal,4,4
124470,Punk,5,1
124479,Experimental Pop,4,4
124482,Experimental Pop,4,4
124554,Electronic,1,6
124702,Hip-Hop,2,7
124756,Glitch,5,3
124870,Experimental,0,0
124876,Soundtrack,7,6
124892,Avant-Garde,5,3
124917,Ambient Electronic,5,3
124918,Ambient Electronic,2,1
124996,Post-Punk,4,4
125001,Post-Punk,4,4
125003,Post-Punk,4,4
125158,Electronic,2,1
125182,Folk,2,7
125183,Folk,7,7
125186,Folk,4,4
125188,Folk,6,7
125191,Folk,7,1
125192,Folk,6,7
125193,Folk,6,7
125194,Folk,6,7
125195,Folk,6,7
125238,Field Recordings,0,0
125239,Field Recordings,3,2
125286,House,5,5
125312,International,2,7
125313,International,2,7
125315,House,5,3
125375,Experimental Pop,4,4
125377,Experimental Pop,1,2
125657,Soundtrack,3,2
125721,Synth Pop,4,4
125722,Synth Pop,6,4
125723,Synth Pop,6,6
125774,Garage,4,4
125776,Garage,4,1
125777,Garage,4,1
125778,Garage,4,1
125821,Soundtrack,3,2
125825,Soundtrack,3,2
126018,Soundtrack,3,2
126047,Punk,1,1
126102,Pop,2,1
126104,Pop,2,3
126189,Soundtrack,4,1
126221,Experimental,4,4
126223,Experimental,4,4
126226,Experimental,0,0
126227,Experimental,0,6
126231,Soundtrack,3,2
126234,Soundtrack,3,2
126295,Post-Rock,2,1
126357,Experimental Pop,6,6
126362,Experimental Pop,7,5
126398,Experimental Pop,6,1
126400,Experimental Pop,1,5
126401,Experimental Pop,1,7
126403,Experimental Pop,1,7
126407,Experimental Pop,1,1
126410,Soundtrack,3,2
126412,Soundtrack,3,2
126426,Pop,2,1
126427,Pop,6,1
126430,Pop,7,5
126431,Pop,4,4
126490,Folk,7,7
126491,Folk,2,1
126666,Rock,1,4
126668,Rock,4,4
126669,Rock,6,1
126670,Rock,4,6
126671,Rock,4,4
126672,Rock,4,4
126673,Rock,6,6
126674,Rock,6,7
126675,Rock,4,1
126676,Rock,3,5
126746,Folk,7,5
126747,Folk,6,7
126748,Folk,2,7
126749,Folk,6,7
126778,Folk,3,7
126781,Folk,1,0
126782,Folk,3,7
126786,Folk,3,5
126789,Folk,3,5
126790,Folk,3,5
126944,Punk,4,4
127062,Folk,2,7
127066,Folk,2,7
127155,Noise,3,5
127159,Techno,5,7
127180,Pop,6,7
127181,Pop,2,1
127183,Pop,4,4
127186,Pop,4,4
127187,Pop,4,4
127188,Pop,4,6
127190,Folk,6,0
127192,Folk,3,0
127193,Folk,6,7
127194,Folk,6,6
127203,Pop,4,1
127204,Pop,6,6
127205,Pop,4,1
127210,New Age,0,0
127263,Chiptune,2,1
127265,Folk,3,0
127266,Folk,3,5
127267,Folk,0,0
127269,Pop,4,4
127273,Pop,2,1
127274,Pop,4,4
127275,Pop,4,4
127276,Pop,6,7
127278,Pop,6,6
127279,Pop,3,2
127280,Pop,3,0
127286,Pop,2,7
127289,Pop,3,2
127290,Pop,6,7
127294,Pop,4,4
127295,Pop,4,4
127296,Pop,4,1
127297,Pop,6,7
127298,Pop,4,1
127300,Pop,2,7
127301,Pop,4,1
127302,Pop,4,4
127356,Reggae - Dancehall,5,3
127357,Reggae - Dancehall,5,3
127358,Reggae - Dancehall,5,3
127360,Reggae - Dancehall,2,3
127469,Avant-Garde,6,0
127484,Experimental,3,5
127532,Experimental,5,5
127542,Experimental,5,2
127623,Experimental Pop,6,0
127720,Punk,4,4
127722,Folk,3,5
127798,Noise,1,3
127878,Experimental,4,1
127908,Pop,6,6
127909,Pop,6,6
127910,Pop,4,4
127911,Pop,6,7
127912,Pop,4,1
127913,Pop,4,6
127915,Pop,4,6
127916,Singer-Songwriter,2,3
128441,Hip-Hop,5,7
128443,Hip-Hop,1,7
128448,Rock,4,6
128482,Pop,6,7
128484,Pop,1,3
128494,Hip-Hop,1,7
128500,Folk,3,5
128699,Rock,4,4
128709,Garage,4,4
128710,Garage,4,4
128759,Electronic,2,1
128828,Noise,4,4
128927,Hip-Hop,5,7
129046,Lo-Fi,2,3
129052,Experimental Pop,2,7
129054,Experimental Pop,0,6
129055,Experimental Pop,2,1
129056,Experimental Pop,2,7
129268,Indie-Rock,4,1
129362,Pop,4,6
129372,Pop,1,7
129374,Pop,6,7
129375,Pop,2,7
129391,Pop,2,1
129392,Pop,6,5
129393,Pop,5,7
129395,Reggae - Dancehall,2,7
129396,Reggae - Dancehall,2,7
129397,Reggae - Dancehall,5,7
129398,Reggae - Dancehall,5,3
129400,Reggae - Dancehall,5,7
129401,Reggae - Dancehall,5,7
129402,Reggae - Dancehall,1,7
129403,Reggae - Dancehall,2,7
129404,Reggae - Dancehall,2,7
129406,Reggae - Dancehall,5,7
129407,Reggae - Dancehall,1,3
129439,Folk,7,7
129442,Folk,1,6
129444,Folk,6,7
129620,Noise,4,4
129683,Folk,6,7
129694,Folk,6,6
129696,Folk,2,7
129806,Breakbeat,5,2
129808,Breakbeat,6,7
129876,Reggae - Dub,5,1
129880,Reggae - Dub,6,6
129882,Reggae - Dub,6,7
129883,Reggae - Dub,4,1
129884,Reggae - Dub,5,5
129887,Reggae - Dub,3,5
129889,Reggae - Dub,5,3
129904,Rap,5,3
129910,Rap,5,3
129914,Rap,2,7
129915,Rap,5,1
129918,Rap,5,3
129919,Rap,5,3
129920,Rap,2,7
129922,Latin America,6,7
129923,Latin America,6,6
129924,Latin America,6,6
129925,Latin America,6,7
129926,Latin America,6,1
129962,Rock,4,4
129968,Rock,4,4
129969,Rock,4,4
129970,Rock,4,4
129972,Rock,5,3
129973,Rock,4,1
129997,Indie-Rock,4,4
130084,Rock,4,4
130170,Hip-Hop,5,5
130218,Hip-Hop,2,1
130347,Folk,1,3
130349,Folk,7,7
130368,Synth Pop,6,6
130369,Synth Pop,4,6
130370,Synth Pop,5,5
130371,Synth Pop,4,4
130372,Synth Pop,2,1
130440,Hip-Hop,5,3
130454,Hip-Hop,5,5
130456,Hip-Hop,3,5
130650,Hip-Hop,5,5
130667,Folk,3,5
130682,Rock,4,4
130683,Rock,4,1
130709,Hip-Hop,7,3
130710,Hip-Hop,2,3
130711,Hip-Hop,7,1
130923,Electronic,6,7
130927,Ambient,4,1
130937,Folk,2,5
130940,Folk,2,5
130944,Folk,7,7
130948,Folk,3,5
130950,Folk,1,5
130951,Folk,3,5
130952,Folk,3,5
130953,Folk,3,5
130954,Folk,1,5
130955,Folk,3,2
130956,Singer-Songwriter,0,0
130963,Singer-Songwriter,2,7
131016,Hip-Hop,5,7
131019,Hip-Hop,2,3
131020,Hip-Hop,6,7
131021,Hip-Hop,2,7
131166,Punk,1,6
131324,Soundtrack,3,2
131326,Soundtrack,3,2
131385,Noise,6,0
131425,Hip-Hop,7,7
131426,Hip-Hop,6,7
131436,Pop,4,4
131444,Pop,7,6
131446,Pop,0,6
131448,Pop,4,4
131449,Pop,4,4
131451,Pop,4,4
131452,Pop,4,4
131454,Pop,4,4
131536,Punk,4,4
131552,Metal,2,1
131553,Metal,5,3
131554,Metal,4,1
131624,Noise,2,1
131658,Garage,4,1
131764,Pop,6,6
131767,Pop,6,0
131770,Pop,6,6
131772,Pop,6,6
131774,Pop,6,6
131789,New Age,6,6
131795,New Age,4,1
131902,Folk,3,2
131903,Folk,3,7
131924,Soundtrack,6,5
131935,International,6,6
131936,International,4,6
131939,International,6,7
131953,International,7,1
131984,Ambient,0,0
132019,Audio Collage,4,1
132040,Singer-Songwriter,6,6
132041,Singer-Songwriter,1,0
132042,Singer-Songwriter,7,7
132045,Singer-Songwriter,7,0
132117,Hip-Hop,5,3
132118,Hip-Hop,5,7
132134,Chiptune,2,7
132139,Balkan,7,3
132449,Singer-Songwriter,6,0
132453,Singer-Songwriter,0,0
132454,Singer-Songwriter,6,5
132455,Singer-Songwriter,3,5
132456,Singer-Songwriter,6,0
132561,Soundtrack,3,5
132568,Soundtrack,4,4
132675,Soundtrack,3,0
132778,Experimental Pop,4,4
132784,Experimental Pop,0,6
132788,Experimental Pop,4,1
132789,Experimental Pop,7,6
132790,Experimental Pop,6,1
132791,Experimental Pop,4,4
132792,Experimental Pop,4,1
132793,Experimental Pop,2,3
132794,Experimental Pop,4,1
132795,Experimental Pop,4,4
132914,Post-Rock,1,7
132954,Hip-Hop,2,3
132961,Hip-Hop,5,2
132962,Hip-Hop,2,3
132963,Hip-Hop,2,5
132964,Hip-Hop,5,2
132965,Hip-Hop,2,3
133015,Ambient Electronic,5,7
133024,Ambient Electronic,5,3
133293,Avant-Garde,7,6
133437,Soundtrack,0,6
133443,Soundtrack,6,7
133450,Soundtrack,2,7
133456,Soundtrack,0,0
133632,Lo-Fi,2,7
133638,Folk,3,2
133639,Folk,7,7
133731,Rock,4,4
133770,Noise,4,1
133772,Punk,4,4
133780,Singer-Songwriter,3,0
133781,Singer-Songwriter,2,7
133788,Folk,6,6
133793,Folk,6,7
133798,Folk,6,7
133802,Folk,6,7
133803,Folk,6,6
133835,Indian,3,5
133970,Soundtrack,0,2
133971,Soundtrack,0,0
134034,Lo-Fi,4,6
134073,Folk,4,6
134084,Folk,6,6
134509,Hip-Hop,7,1
134510,Hip-Hop,7,3
134610,Hip-Hop,2,5
134643,Noise,4,4
134796,New Age,2,7
134827,Hip-Hop,5,7
134979,Folk,3,5
135028,Singer-Songwriter,2,7
135039,Singer-Songwriter,3,5
135043,Singer-Songwriter,2,7
135044,Singer-Songwriter,4,1
135336,Pop,2,3
135337,Pop,7,7
135338,Pop,2,7
135339,Pop,7,1
135340,Pop,5,1
135341,Pop,7,1
135342,Pop,0,6
135365,Rock,4,1
135368,Rock,4,1
135369,Rock,7,4
135370,Rock,1,7
135371,Rock,6,5
135373,Rock,4,1
135374,Rock,5,7
135375,Rock,4,4
136091,Post-Punk,4,1
136094,Post-Punk,6,6
136276,Instrumental,6,7
136331,Soundtrack,6,0
136404,Punk,4,1
136449,Hip-Hop,4,6
136465,Hip-Hop,2,1
136466,Hip-Hop,5,3
136705,Lo-Fi,2,1
136706,Lo-Fi,4,4
136709,Lo-Fi,4,4
137211,Punk,0,0
137212,Punk,4,4
137417,Indie-Rock,4,1
137418,Indie-Rock,2,7
137419,Indie-Rock,4,4
137423,Indie-Rock,4,4
137424,Indie-Rock,4,1
137425,Indie-Rock,4,1
137463,Electronic,5,3
137605,Rock,4,4
137624,Noise-Rock,4,4
137723,Rock,4,4
137740,Rock,4,4
137895,Hip-Hop,5,3
137896,Hip-Hop,5,3
137898,Hip-Hop,2,5
137899,Hip-Hop,2,5
137900,Hip-Hop,2,7
137907,Folk,7,1
137990,Folk,2,7
138015,Folk,3,0
138016,Folk,6,7
138017,Folk,3,5
138026,Soundtrack,6,6
138038,Pop,4,4
138040,Pop,6,6
138062,Pop,4,4
138063,Pop,4,6
138065,Pop,4,4
138068,Pop,4,4
138069,Pop,0,6
138071,Pop,5,3
138213,Hip-Hop,2,7
138215,Hip-Hop,5,3
138218,Hip-Hop,5,3
138306,Rock,4,1
138311,Rock,7,1
138317,Rock,7,6
138318,Rock,7,7
138319,Rock,0,6
138320,Rock,4,6
138351,Punk,4,7
138355,Punk,4,1
138406,Folk,2,1
138410,Folk,1,5
138414,Folk,1,7
138415,Folk,6,6
138416,Folk,7,0
139117,Post-Punk,4,4
139123,Post-Punk,6,6
139491,Ambient,0,6
139520,Folk,3,5
139521,Folk,3,5
139522,Folk,3,5
139523,Folk,3,5
139524,Folk,3,5
139638,Experimental,0,0
139687,Experimental,6,0
139804,Noise,7,6
139862,Experimental,2,1
139994,Electronic,3,2
140043,Lo-Fi,4,4
140135,Electronic,4,4
140258,Chill-out,7,6
140262,Chill-out,7,7
140421,Indie-Rock,0,0
140565,Electronic,6,0
140576,Punk,4,6
140583,Singer-Songwriter,6,6
140609,Hip-Hop,5,3
140620,Hip-Hop,5,2
140621,Hip-Hop,5,3
140623,Hip-Hop,5,7
140871,Singer-Songwriter,3,2
140872,Singer-Songwriter,3,2
140873,Singer-Songwriter,3,2
140874,Singer-Songwriter,3,2
140875,Singer-Songwriter,3,2
141164,Hip-Hop,5,3
141166,Hip-Hop,1,1
141167,Hip-Hop,2,7
141179,Pop,6,6
141181,Pop,6,6
141283,Soundtrack,5,1
141295,Soundtrack,5,3
141304,Hip-Hop,5,3
141310,House,5,1
141375,Hip-Hop,5,3
141561,Hip-Hop,5,3
141562,Hip-Hop,7,7
141564,Hip-Hop,7,3
141566,Hip-Hop,2,7
141567,Hip-Hop,2,7
141568,Hip-Hop,3,5
141569,Hip-Hop,5,2
141735,Hip-Hop,6,6
141876,Soundtrack,3,2
141901,Experimental Pop,1,7
141902,Experimental Pop,5,7
141903,Experimental Pop,1,5
142078,Electronic,5,3
142080,Electronic,1,1
142082,Hip-Hop,2,1
142083,Hip-Hop,5,3
142084,Hip-Hop,5,7
142085,Hip-Hop,5,3
142086,Hip-Hop,5,3
142087,Hip-Hop,6,1
142088,Hip-Hop,5,3
142091,Hip-Hop,5,5
142092,Hip-Hop,4,7
142093,Hip-Hop,7,3
142128,Power-Pop,1,6
142129,Folk,3,0
142132,Folk,0,0
142133,Folk,0,0
142358,Hip-Hop,5,7
142359,Hip-Hop,2,7
142360,Hip-Hop,5,7
142361,Hip-Hop,5,5
142516,Folk,3,5
142517,Folk,3,2
142519,Folk,3,5
142528,Folk,6,7
142530,Folk,7,4
142531,Folk,5,7
142532,Folk,3,0
142533,Latin,2,1
142534,Latin,4,1
142536,Latin,6,1
142537,Latin,2,7
142538,Latin,4,4
142539,Latin,7,3
142549,Pop,1,4
142550,Pop,6,1
142551,Pop,6,6
142552,Pop,6,7
142553,Pop,6,7
142563,New Wave,5,5
142565,Reggae - Dub,5,3
142566,Reggae - Dub,5,5
142567,Reggae - Dub,5,2
142568,Reggae - Dub,2,7
142569,Reggae - Dub,5,5
142570,Reggae - Dub,5,3
142571,Reggae - Dub,3,5
142572,Reggae - Dub,5,5
142573,Reggae - Dub,6,7
142574,Latin America,2,7
142575,Latin America,4,1
142576,Latin America,1,7
142579,International,2,3
142947,Punk,4,4
142948,Punk,4,4
143056,Ambient Electronic,5,3
143095,Punk,4,4
143097,Punk,0,6
143098,Punk,4,6
143214,Rock,6,1
143215,Rock,4,1
143217,Rock,6,6
143218,Rock,0,6
143219,Rock,6,1
143220,Rock,4,4
143221,Rock,2,1
143237,Experimental Pop,6,6
143290,Hip-Hop,5,3
143303,Soundtrack,0,0
143306,Soundtrack,0,0
143307,Soundtrack,6,6
143309,Soundtrack,6,6
143532,Electronic,5,5
143995,Rock,2,4
144170,Hip-Hop,5,7
144171,Hip-Hop,5,7
144172,Hip-Hop,2,7
144173,Hip-Hop,2,7
144179,Alternative Hip-Hop,2,3
144180,Alternative Hip-Hop,7,1
144181,Alternative Hip-Hop,4,7
144182,Alternative Hip-Hop,4,1
144212,Hip-Hop,5,5
144213,Hip-Hop,5,5
144215,Hip-Hop,5,3
144216,Hip-Hop,5,7
144471,Singer-Songwriter,5,5
144543,Folk,5,7
144544,Folk,2,1
144545,Folk,6,6
144546,Folk,5,5
144547,Folk,6,7
144549,Folk,2,7
144550,Folk,6,7
144551,Folk,6,7
144552,Folk,6,7
144587,Experimental Pop,1,6
144733,Electronic,1,1
144933,Pop,4,4
144934,Pop,5,7
144935,Pop,2,1
144937,Pop,4,1
144938,Pop,4,4
144940,Pop,7,7
144941,Pop,4,4
144942,Pop,2,7
144943,Pop,7,7
144944,Pop,5,3
144945,Pop,5,7
144946,Pop,5,7
145003,Singer-Songwriter,6,6
145004,Singer-Songwriter,6,7
145005,Singer-Songwriter,6,6
145020,Rock,4,4
145027,Rock,6,6
145041,House,1,7
145058,Noise,3,2
145067,Hardcore,2,1
145074,Noise,0,0
145241,Rock,6,7
145476,Instrumental,3,2
145477,Instrumental,5,5
145550,Folk,2,7
145551,Folk,3,5
145552,Folk,3,5
145554,Folk,7,7
145555,Folk,3,5
145606,Post-Rock,4,1
145607,Loud-Rock,4,4
145608,Loud-Rock,4,4
145609,Loud-Rock,4,4
145610,Loud-Rock,4,4
145645,Electronic,5,2
145653,Experimental Pop,3,5
145702,Pop,4,4
145703,Pop,4,4
145704,Pop,2,7
145705,Pop,4,4
145706,Pop,7,4
145707,Pop,4,4
145708,Pop,5,3
145709,Pop,7,3
145710,Pop,4,6
145711,Pop,4,4
145727,Hip-Hop,1,3
145730,Hip-Hop,5,2
145741,Hip-Hop,2,7
145742,Hip-Hop,2,7
145743,Hip-Hop,6,4
145744,Hip-Hop,1,7
145745,Hip-Hop,5,3
145746,Hip-Hop,1,1
145748,Hip-Hop,5,3
145750,Hip-Hop,2,3
145751,Hip-Hop,5,5
145780,Garage,2,1
145783,Garage,2,1
146019,Soundtrack,6,6
146147,Hip-Hop,6,1
146149,Hip-Hop,4,7
146150,Hip-Hop,2,7
146151,Hip-Hop,1,3
146152,Hip-Hop,6,7
146153,Hip-Hop,6,7
146481,Rock,2,7
146639,Psych-Folk,6,7
146687,Hip-Hop,6,7
146689,Hip-Hop,5,7
146716,Hip-Hop,2,1
146724,Hip-Hop,4,1
146725,Hip-Hop,5,1
146726,Hip-Hop,6,0
146727,Hip-Hop,0,6
146968,Folk,2,7
146969,Folk,6,6
146970,Folk,1,6
147021,Hip-Hop,5,5
147022,Hip-Hop,2,3
147023,Hip-Hop,5,3
147024,Hip-Hop,2,1
147085,Novelty,2,1
147087,Holiday,6,4
147261,Hip-Hop,2,3
147265,Hip-Hop,4,4
147267,Hip-Hop,5,3
147268,Hip-Hop,7,5
147295,Singer-Songwriter,4,1
147409,Rock,4,4
147412,Rock,4,1
147413,Rock,4,4
147886,Hip-Hop,5,3
147956,Indie-Rock,6,6
148028,Alternative Hip-Hop,2,3
148031,Alternative Hip-Hop,6,7
148066,Reggae - Dub,5,3
148075,Reggae - Dub,5,5
148082,Noise,6,7
148121,Soundtrack,2,7
148131,Soundtrack,6,7
148133,Soundtrack,2,1
148168,Experimental,4,1
148186,Psych-Folk,6,6
148187,Psych-Folk,1,6
148190,Psych-Folk,7,4
148208,Psych-Folk,3,0
148210,Psych-Folk,7,1
148211,Psych-Folk,3,5
148212,Psych-Folk,3,5
148215,Psych-Folk,3,5
148216,Psych-Folk,1,0
148218,Psych-Folk,3,5
148231,Psych-Folk,7,7
148233,Psych-Folk,7,7
148234,Psych-Folk,7,7
148235,Psych-Folk,7,3
148285,Synth Pop,6,7
148286,Synth Pop,6,5
148287,Synth Pop,6,6
148288,Synth Pop,1,7
148290,Synth Pop,2,7
148510,Pop,4,1
148518,Pop,2,1
148519,Pop,6,7
148532,Folk,3,5
148535,Folk,5,5
148584,Pop,6,7
148585,Pop,6,7
148586,Pop,5,5
148587,Pop,2,5
148602,Folk,3,0
148603,Folk,6,7
148606,Pop,2,7
148607,Pop,5,3
148608,Pop,6,1
148610,Pop,2,7
148611,Pop,6,7
148612,Pop,6,7
148613,Pop,1,6
149075,Experimental Pop,4,4
149082,Experimental Pop,4,6
149083,Experimental Pop,1,6
149099,Synth Pop,7,7
149100,Synth Pop,2,7
149101,Synth Pop,1,3
149102,Synth Pop,6,7
149103,Synth Pop,6,7
149118,Hip-Hop,4,7
149124,Hip-Hop,2,1
149138,Hip-Hop,2,7
149141,Soundtrack,6,0
149369,Rap,5,2
149370,Rap,5,3
149416,Rock,4,4
149417,Rock,6,4
149488,Metal,4,4
149623,Rap,6,7
149625,Rap,5,7
149687,Hip-Hop,5,7
149690,Hip-Hop,2,3
149701,Chill-out,5,5
149727,Ambient,7,0
149750,Experimental Pop,6,6
149951,Hip-Hop,6,7
149953,Hip-Hop,2,1
150015,Experimental Pop,2,3
150018,Experimental Pop,2,7
150062,Folk,6,1
150063,Folk,6,5
150064,Folk,3,0
150287,Hip-Hop,2,1
150288,Hip-Hop,5,3
152254,Reggae - Dub,7,7
152324,Pop,2,7
152543,Hip-Hop,2,3
152545,Hip-Hop,2,3
152568,New Age,3,5
153383,Experimental Pop,4,1
153946,Folk,7,6
153955,Experimental Pop,2,1
153956,Experimental Pop,5,5
154413,Experimental Pop,5,5
154414,Experimental Pop,2,7
